,inductive_check,v200,v228,v186,v154,v222,v184,v178,v134,v136,v236,v224,v138,v232,v216,v168,v142,v162,v128,v226,v124,v164,v144,v152,v208,v196,v204,v214,v210,v192,v174,v156,v202,v160,v126,v170,v140,v230,v176,v166,v182,v234,v218,v194,v172,v190,v188,v150,v206,v198,v148
0,ken.flash^01.C_0.smt2,0,0,1,0,0,0,0.0,0,0,0,0.0,0,0,0,0,0,0,0,0,0,0,0.0,0,0,0,0,0,0,0,0,0,0,0,0,0.0,0.0,0,0,0.0,0,1,0,0,0,0,0,0,0.0,0.0,0.0
1,ken.flash^01.C_1.smt2,0,0,0,0,0,1,0.0,0,0,0,0.0,0,0,0,0,0,0,0,0,0,0,0.0,0,0,0,0,0,0,0,0,0,0,0,0,0.0,0.0,0,0,0.0,0,1,0,0,0,0,0,0,0.0,0.0,0.0
2,ken.flash^01.C_2.smt2,0,0,1,0,0,0,0.0,0,0,0,0.0,0,0,0,0,0,0,0,0,0,0,0.0,0,0,0,0,0,0,0,0,0,0,0,0,0.0,0.0,0,0,0.0,0,1,0,0,0,0,0,0,0.0,0.0,0.0
3,ken.flash^01.C_3.smt2,0,0,0,0,1,0,0.0,0,0,0,0.0,0,0,0,0,0,0,0,0,0,0,0.0,0,0,0,0,0,0,0,0,0,0,0,0,0.0,0.0,0,0,0.0,0,1,0,0,0,0,0,0,0.0,0.0,0.0
4,ken.flash^01.C_4.smt2,0,0,1,0,0,0,0.0,0,0,0,0.0,0,0,0,0,0,0,0,0,0,0,0.0,0,0,0,0,0,0,0,0,0,0,0,0,0.0,0.0,0,0,0.0,0,1,0,0,0,0,0,0,0.0,0.0,0.0
5,ken.flash^01.C_5.smt2,0,0,1,0,0,0,0.0,0,0,0,0.0,0,0,0,0,0,0,0,0,0,0,0.0,0,0,0,0,0,0,0,0,0,0,0,0,0.0,0.0,0,0,0.0,0,1,0,0,0,0,0,0,0.0,0.0,0.0
6,ken.flash^01.C_6.smt2,0,0,1,0,0,0,0.0,0,0,0,0.0,0,0,0,0,0,0,0,0,0,0,0.0,0,0,0,0,0,0,0,0,0,0,0,0,0.0,0.0,0,0,0.0,0,1,0,0,0,0,0,0,0.0,0.0,0.0
7,ken.flash^01.C_7.smt2,0,0,1,0,0,0,0.0,0,0,0,0.0,0,0,0,0,0,0,0,0,0,0,0.0,0,0,0,0,0,0,0,0,0,0,0,0,0.0,0.0,0,0,0.0,0,1,0,0,0,0,0,0,0.0,0.0,0.0
8,ken.flash^01.C_8.smt2,0,0,1,0,0,0,0.0,0,0,0,0.0,0,0,0,0,0,0,0,0,0,0,0.0,0,0,0,0,0,0,0,0,0,0,0,0,0.0,0.0,0,0,0.0,0,1,0,0,0,0,0,0,0.0,0.0,0.0
